{"stem_length": 0.5639291086665394, "cap_width": 1.3328124732670825}