{"stem_length": 0.24839749868431224, "cap_width": 0.9226221687518809}