{"stem_length": 0.6198675614860125, "cap_width": 1.0396733935007552}