{"stem_length": 0.6754783603745624, "cap_width": 0.930058749583773}