{"stem_length": 0.21858807622079948, "cap_width": 0.7106592474648593}