{"stem_length": 0.2717628801831368, "cap_width": 0.9841260310917022}