{"stem_length": 0.6127218790415709, "cap_width": 0.9910724329065783}