{"stem_length": 0.6672731047747318, "cap_width": 1.1254428376731285}