{"stem_length": 0.6349537231465456, "cap_width": 0.7638462214432138}