{"stem_length": 0.40422865116910833, "cap_width": 1.3007864182637787}