{"stem_length": 0.24316470815598215, "cap_width": 0.7809118800409198}