{"stem_length": 0.5538130980200087, "cap_width": 0.9240503850584777}