{"stem_length": 0.4285397854200888, "cap_width": 1.1537038658002525}