{"stem_length": 0.47822955094622527, "cap_width": 1.102541633687557}