{"stem_length": 0.5004491329878432, "cap_width": 1.0391826399962147}