{"stem_length": 0.47615281927775727, "cap_width": 1.2563953000095878}