{"stem_length": 0.6390643522729151, "cap_width": 0.8782435186648931}