{"stem_length": 0.615802572502368, "cap_width": 1.2064762495778751}