{"stem_length": 0.2641823551478372, "cap_width": 1.1806551090165511}