{"stem_length": 0.7692191161866229, "cap_width": 1.326922547833279}