{"stem_length": 0.5661150471452512, "cap_width": 1.1330836963985786}