{"stem_length": 0.2752093800262123, "cap_width": 0.9349614698976666}