{"stem_length": 0.7505451725182644, "cap_width": 0.8027652960849769}