{"stem_length": 0.227521941063128, "cap_width": 0.9248929916323652}