{"stem_length": 0.7673398621422711, "cap_width": 0.7594839804392735}