{"stem_length": 0.7383971499436912, "cap_width": 0.9488079083174532}