{"stem_length": 0.21163369494346773, "cap_width": 1.3372070891082557}