{"stem_length": 0.30656636716802355, "cap_width": 1.3510042809476888}