{"stem_length": 0.35811951167505174, "cap_width": 1.1799117255126363}