{"stem_length": 0.48733158462882975, "cap_width": 1.1591662205322315}