{"stem_length": 0.6307197811529295, "cap_width": 0.9774861248960296}