{"stem_length": 0.47344002800408, "cap_width": 0.77854967074788}