{"stem_length": 0.5887258596226679, "cap_width": 0.7206279384148815}