{"stem_length": 0.6804475833521626, "cap_width": 1.1278759387074109}