{"stem_length": 0.3201734428483748, "cap_width": 1.103001891884907}