{"stem_length": 0.4339851524538264, "cap_width": 1.3631641652227784}