{"stem_length": 0.5773824241963337, "cap_width": 0.7263181931135338}