{"stem_length": 0.23157629436802285, "cap_width": 0.911587014968305}