{"stem_length": 0.23778285547164485, "cap_width": 1.2850240189233804}