{"stem_length": 0.625455458216917, "cap_width": 0.9840223100021199}