{"stem_length": 0.49524722147727024, "cap_width": 0.8625513482107017}