{"stem_length": 0.39195269420235934, "cap_width": 1.0114234115576926}