{"stem_length": 0.5168469485921123, "cap_width": 0.9833753500720608}