{"stem_length": 0.6256775235372563, "cap_width": 1.358555956776006}