{"stem_length": 0.7296000637225974, "cap_width": 0.7834519860103725}