{"stem_length": 0.5171934014175821, "cap_width": 1.3728860779318697}