{"stem_length": 0.3013315966570323, "cap_width": 0.7365246050766868}