{"stem_length": 0.5748998545293467, "cap_width": 0.7394603451347445}