{"stem_length": 0.7229904906554288, "cap_width": 1.0602335078184142}