{"stem_length": 0.34400000000000003, "cap_width": 0.8679999999999999}