{"stem_length": 0.35600000000000004, "cap_width": 0.8819999999999999}