{"stem_length": 0.36800000000000005, "cap_width": 0.8959999999999999}