{"stem_length": 0.38000000000000006, "cap_width": 0.9099999999999999}