{"stem_length": 0.47600000000000003, "cap_width": 1.0219999999999998}