{"stem_length": 0.6560000000000001, "cap_width": 1.2319999999999998}