{"stem_length": 0.7280000000000002, "cap_width": 1.3159999999999998}