{"stem_length": 0.28400000000000003, "cap_width": 0.7979999999999999}