{"stem_length": 0.29600000000000004, "cap_width": 0.8119999999999999}