{
    "Depth": 1.0800911104110962,
    "Width": 2.143739633425149,
    "Back/Side height": 0.60463900476944,
    "Cushion thickness": 0.3805495623836885
}