{
    "Depth": 1.0528971091278783,
    "Width": 2.800647054828671,
    "Back/Side height": 0.6414130509274379,
    "Cushion thickness": 0.24377311802547658
}