{
    "Depth": 1.0803564406002648,
    "Width": 1.9377490190081448,
    "Back/Side height": 0.5597557046012126,
    "Cushion thickness": 0.349773433045517
}