{
    "Depth": 1.0694500730826788,
    "Width": 2.4964285544867626,
    "Back/Side height": 0.6573687748789341,
    "Cushion thickness": 0.2032196585674519
}