{
    "Depth": 0.9128940055614415,
    "Width": 2.8089644642272242,
    "Back/Side height": 0.6924634737753743,
    "Cushion thickness": 0.3368676005303278
}