{
    "Depth": 1.0885810856640095,
    "Width": 2.693868038119988,
    "Back/Side height": 0.6211800380074233,
    "Cushion thickness": 0.24295301166731822
}