{
    "Depth": 1.0305758925079809,
    "Width": 2.1098699995902797,
    "Back/Side height": 0.670081690617024,
    "Cushion thickness": 0.32744958560175247
}