{
    "Depth": 1.0846953310716674,
    "Width": 2.002536554579298,
    "Back/Side height": 0.6954394121882067,
    "Cushion thickness": 0.3036668402349389
}