{
    "Depth": 1.0662745346548035,
    "Width": 2.585589523553809,
    "Back/Side height": 0.5852488065068312,
    "Cushion thickness": 0.23570486593386522
}