{
    "Depth": 0.9256638567654124,
    "Width": 2.8518854104088085,
    "Back/Side height": 0.5870299794918923,
    "Cushion thickness": 0.3396459329065816
}