{
    "Depth": 1.0727478419947802,
    "Width": 2.797817623881251,
    "Back/Side height": 0.6626463310988332,
    "Cushion thickness": 0.2707647572721859
}