{
    "Depth": 0.9260223510407305,
    "Width": 2.4664025831109044,
    "Back/Side height": 0.688376698683708,
    "Cushion thickness": 0.3118986642886357
}