{
    "Depth": 0.9739837624870766,
    "Width": 3.058777316868664,
    "Back/Side height": 0.6293397203180868,
    "Cushion thickness": 0.37977086975928354
}