{
    "Depth": 0.9492773406786621,
    "Width": 2.05810390479525,
    "Back/Side height": 0.6352897409476074,
    "Cushion thickness": 0.22280236437774958
}