{
    "Depth": 1.097622094315775,
    "Width": 2.077060062392768,
    "Back/Side height": 0.5703890941694982,
    "Cushion thickness": 0.3916210594768312
}