{
    "Depth": 1.091110490525923,
    "Width": 1.7240957199589941,
    "Back/Side height": 0.6128870276459717,
    "Cushion thickness": 0.2624467992336351
}