{
    "Depth": 0.9580174023254432,
    "Width": 2.854424194891163,
    "Back/Side height": 0.6743967801657215,
    "Cushion thickness": 0.27430447856005197
}