{
    "Depth": 0.9464933306568571,
    "Width": 2.350808884831177,
    "Back/Side height": 0.5938073488619144,
    "Cushion thickness": 0.38069281639761504
}