{
    "Depth": 1.023768582998891,
    "Width": 2.869396124153956,
    "Back/Side height": 0.5524735522814666,
    "Cushion thickness": 0.39726357110914984
}