{
    "Depth": 1.09416271124931,
    "Width": 2.9657101062602047,
    "Back/Side height": 0.5707814419854182,
    "Cushion thickness": 0.22386272412023647
}