{
    "Depth": 1.0560346191382026,
    "Width": 3.000230596121094,
    "Back/Side height": 0.6157492242480829,
    "Cushion thickness": 0.3254816502496539
}