{
    "Depth": 0.9918254675672344,
    "Width": 3.0991900385402458,
    "Back/Side height": 0.6328502353866119,
    "Cushion thickness": 0.2720965593085038
}