{
    "Depth": 1.009680393589964,
    "Width": 2.676235515179669,
    "Back/Side height": 0.5855322946967878,
    "Cushion thickness": 0.3522954663773892
}