{
    "Depth": 0.9237094840548219,
    "Width": 2.0749224695939095,
    "Back/Side height": 0.5531968290899041,
    "Cushion thickness": 0.2822552864961365
}