{
    "Depth": 0.9963845738539964,
    "Width": 3.0289265128686242,
    "Back/Side height": 0.6198689492727765,
    "Cushion thickness": 0.3963063582504486
}