{
    "Depth": 0.9739935346372809,
    "Width": 1.7399565446858765,
    "Back/Side height": 0.5841785220186028,
    "Cushion thickness": 0.2690312587202635
}