{
    "Depth": 0.9799698545621882,
    "Width": 3.185264069356066,
    "Back/Side height": 0.6014305570119244,
    "Cushion thickness": 0.32223333176641095
}