{
    "Depth": 0.9535558260903202,
    "Width": 2.7676993882833605,
    "Back/Side height": 0.6790700246553972,
    "Cushion thickness": 0.3667934098816018
}