{
    "Depth": 0.9912492714610432,
    "Width": 3.0118090970298486,
    "Back/Side height": 0.6089946332223402,
    "Cushion thickness": 0.22281894436459407
}