{
    "Depth": 1.0794969802922607,
    "Width": 3.1480301803515385,
    "Back/Side height": 0.6143434876358906,
    "Cushion thickness": 0.3680837304338037
}