{
    "Depth": 1.012709274757748,
    "Width": 2.511898853071293,
    "Back/Side height": 0.5850379704879894,
    "Cushion thickness": 0.3891188881178101
}