{
    "Depth": 1.08059915259851,
    "Width": 2.0229125372009777,
    "Back/Side height": 0.5665823561205718,
    "Cushion thickness": 0.34941978614114055
}