{
    "Depth": 1.0443500865401338,
    "Width": 2.9577933778386,
    "Back/Side height": 0.6942198193942352,
    "Cushion thickness": 0.30154142603014067
}