{
    "Depth": 1.0093739235090264,
    "Width": 2.239108899088623,
    "Back/Side height": 0.5676210936616151,
    "Cushion thickness": 0.2022466595043314
}