{
    "Depth": 1.061547106545372,
    "Width": 2.999199471273151,
    "Back/Side height": 0.6488642790904917,
    "Cushion thickness": 0.20322138865729333
}