{
    "Depth": 0.9086988682641306,
    "Width": 1.7493540144950137,
    "Back/Side height": 0.6258754788269991,
    "Cushion thickness": 0.3078234262887889
}