{
    "Depth": 0.9913711472963251,
    "Width": 2.353169408178221,
    "Back/Side height": 0.5956713231380243,
    "Cushion thickness": 0.37906003531631116
}