{
    "Depth": 1.0386624694255122,
    "Width": 2.4943897693989627,
    "Back/Side height": 0.6991947273905523,
    "Cushion thickness": 0.2297721759385505
}