{
    "Depth": 1.040373809886032,
    "Width": 3.130757578551483,
    "Back/Side height": 0.557289108971846,
    "Cushion thickness": 0.3249628438064319
}