{
    "Depth": 1.0565671435462283,
    "Width": 2.030597085863553,
    "Back/Side height": 0.6436789848877918,
    "Cushion thickness": 0.3441496134563373
}