{
    "Depth": 0.924005311235797,
    "Width": 2.9391779289305715,
    "Back/Side height": 0.6911301557607462,
    "Cushion thickness": 0.23478576644086468
}