{
    "Depth": 1.0205776549976346,
    "Width": 2.1607484537494317,
    "Back/Side height": 0.6724257145516032,
    "Cushion thickness": 0.3835652512561094
}