{
    "Depth": 0.9968761849832685,
    "Width": 2.301431276187188,
    "Back/Side height": 0.6400706703105009,
    "Cushion thickness": 0.29460764672153217
}