{
    "Depth": 0.9660743612951188,
    "Width": 2.620239916767544,
    "Back/Side height": 0.5996915492720373,
    "Cushion thickness": 0.35948894701918455
}