{
    "Depth": 1.0733841519525869,
    "Width": 3.172826725500979,
    "Back/Side height": 0.5796657485909957,
    "Cushion thickness": 0.37052948012732945
}