{
    "Depth": 0.9494965581493404,
    "Width": 2.137841708513987,
    "Back/Side height": 0.6010537421001015,
    "Cushion thickness": 0.38305060228620774
}