{
    "Depth": 0.9882735110201547,
    "Width": 1.9975253091974978,
    "Back/Side height": 0.6398438977356509,
    "Cushion thickness": 0.28578756616029616
}