{
    "Depth": 0.900140943012261,
    "Width": 2.083216904234961,
    "Back/Side height": 0.5774159670919675,
    "Cushion thickness": 0.32552720516311917
}