{
    "Depth": 1.027958390868415,
    "Width": 2.536220157054377,
    "Back/Side height": 0.5851022058450407,
    "Cushion thickness": 0.28772839383780924
}