{
    "Depth": 0.9963733412156478,
    "Width": 1.75703543377992,
    "Back/Side height": 0.5904285631171269,
    "Cushion thickness": 0.35117520616267894
}