{
    "Depth": 1.0612489698158256,
    "Width": 2.716783702999516,
    "Back/Side height": 0.6480438324271224,
    "Cushion thickness": 0.31234036189636555
}