{
    "Depth": 1.098018782755495,
    "Width": 1.700595217525314,
    "Back/Side height": 0.6214260905160278,
    "Cushion thickness": 0.25673421430155763
}