{
    "Depth": 0.9149022087977938,
    "Width": 2.6541744080531906,
    "Back/Side height": 0.6262584307076272,
    "Cushion thickness": 0.252521618892577
}