{
    "Depth": 1.0501765699905938,
    "Width": 2.0101313562746297,
    "Back/Side height": 0.6097155560910864,
    "Cushion thickness": 0.20957822773767676
}