{
    "Depth": 1.0878613435978306,
    "Width": 2.361570506110779,
    "Back/Side height": 0.6371154908639572,
    "Cushion thickness": 0.33833213854459443
}