{
    "Depth": 1.0373438924440561,
    "Width": 2.375225269700874,
    "Back/Side height": 0.6161786497546646,
    "Cushion thickness": 0.219698761576945
}