{
    "Depth": 0.9375749462508122,
    "Width": 1.9325668305920238,
    "Back/Side height": 0.5694018299107928,
    "Cushion thickness": 0.27757615008428155
}