{
    "Depth": 0.9041291316544179,
    "Width": 1.9180357222918418,
    "Back/Side height": 0.6673908946695196,
    "Cushion thickness": 0.31010280434034876
}