{
    "Depth": 1.0094253665273871,
    "Width": 2.5088621468904644,
    "Back/Side height": 0.6599831147855133,
    "Cushion thickness": 0.21802505219180798
}