{
    "Depth": 1.0144002814435398,
    "Width": 2.616961205671336,
    "Back/Side height": 0.5757993197830417,
    "Cushion thickness": 0.27351630938949256
}