{
    "Depth": 0.9272944762259813,
    "Width": 1.7508313329241907,
    "Back/Side height": 0.6944702806555183,
    "Cushion thickness": 0.3909423512385161
}