{
    "Depth": 1.0122850096346687,
    "Width": 1.9382841637594332,
    "Back/Side height": 0.6252296209511645,
    "Cushion thickness": 0.2770298864100049
}