{
    "Depth": 1.0301918184717307,
    "Width": 2.6420758346204747,
    "Back/Side height": 0.6425261345437969,
    "Cushion thickness": 0.2457279311455497
}