{
    "Depth": 0.9276320500351333,
    "Width": 2.327347238052811,
    "Back/Side height": 0.6414224126703403,
    "Cushion thickness": 0.276978707024504
}