{
    "Depth": 0.9868491011969124,
    "Width": 2.381481771351128,
    "Back/Side height": 0.6136924790782674,
    "Cushion thickness": 0.39461310838775737
}