{
    "Depth": 1.052990466869732,
    "Width": 1.7376361930034891,
    "Back/Side height": 0.5524730544893188,
    "Cushion thickness": 0.3359735582466441
}