{
    "Depth": 1.087407490163366,
    "Width": 2.2674156857671037,
    "Back/Side height": 0.6469440687540157,
    "Cushion thickness": 0.3774508487100041
}