{
    "Depth": 1.0523411956650575,
    "Width": 2.3828412800221668,
    "Back/Side height": 0.5929866631221895,
    "Cushion thickness": 0.35889679185438983
}