{
    "Depth": 1.0326901275526692,
    "Width": 2.941398907310309,
    "Back/Side height": 0.6678080341119975,
    "Cushion thickness": 0.2900551726043335
}