{
    "Depth": 0.9870205896738771,
    "Width": 3.187049966119883,
    "Back/Side height": 0.6214996276055677,
    "Cushion thickness": 0.2699338521539036
}