{
    "Depth": 0.9612815371201189,
    "Width": 2.723753144417652,
    "Back/Side height": 0.5674777374969118,
    "Cushion thickness": 0.3275157577211838
}