{
    "Depth": 1.09236241638289,
    "Width": 2.218445561092827,
    "Back/Side height": 0.5840468654332474,
    "Cushion thickness": 0.2051017769391516
}