{
    "Depth": 0.9825601995498819,
    "Width": 2.774394065876794,
    "Back/Side height": 0.6692761646425237,
    "Cushion thickness": 0.35346891382335527
}