{
    "Depth": 0.9994841205674961,
    "Width": 1.983942770855678,
    "Back/Side height": 0.6052333472230786,
    "Cushion thickness": 0.3126179217856924
}