{
    "Depth": 0.9452410663843381,
    "Width": 1.7376314495581848,
    "Back/Side height": 0.6417243654263322,
    "Cushion thickness": 0.2793347135587295
}