{
    "Depth": 0.9509493193314222,
    "Width": 2.98024716928724,
    "Back/Side height": 0.6346510760579575,
    "Cushion thickness": 0.3955871621690304
}