{
    "Depth": 1.0867629629801043,
    "Width": 3.059431766931551,
    "Back/Side height": 0.5546298044071142,
    "Cushion thickness": 0.32641144875778116
}