{
    "Depth": 1.0861402712207813,
    "Width": 2.452088010305795,
    "Back/Side height": 0.5851419302516354,
    "Cushion thickness": 0.26432177344325136
}