{
    "Depth": 1.0511701606553134,
    "Width": 2.3823468055128973,
    "Back/Side height": 0.5818252502109957,
    "Cushion thickness": 0.2336659825198366
}