{
    "Depth": 1.0247350598731133,
    "Width": 3.0958260506465924,
    "Back/Side height": 0.6487325760056981,
    "Cushion thickness": 0.23604540089773954
}