{
    "Depth": 1.0510061130073334,
    "Width": 2.9037753325393076,
    "Back/Side height": 0.6692642414980761,
    "Cushion thickness": 0.2828219233994389
}