{
    "Depth": 0.974309642096151,
    "Width": 3.1903421530151377,
    "Back/Side height": 0.6111818412012496,
    "Cushion thickness": 0.23061072933901935
}