{
    "Depth": 1.0065620748108188,
    "Width": 1.8333711424285712,
    "Back/Side height": 0.6455389211118595,
    "Cushion thickness": 0.36935068252484804
}