{
    "Depth": 1.0915095309194132,
    "Width": 1.9898061494260502,
    "Back/Side height": 0.5637863497937068,
    "Cushion thickness": 0.22561991582211205
}