{
    "Depth": 1.0146628559913997,
    "Width": 1.9602779017836196,
    "Back/Side height": 0.6524187785999218,
    "Cushion thickness": 0.24023841248856373
}