{
    "Depth": 1.0461549804926893,
    "Width": 2.8969529993948893,
    "Back/Side height": 0.6476973030789501,
    "Cushion thickness": 0.2327000852941836
}