{
    "Depth": 0.9883407369615526,
    "Width": 2.452209605135948,
    "Back/Side height": 0.6561288877738543,
    "Cushion thickness": 0.27963124628616365
}