{
    "Depth": 0.9849681593838454,
    "Width": 1.9136595306620519,
    "Back/Side height": 0.5690213716921142,
    "Cushion thickness": 0.21956127156248859
}