{
    "Depth": 1.0171059133775777,
    "Width": 3.002723953956989,
    "Back/Side height": 0.5534955896090115,
    "Cushion thickness": 0.26041177651302216
}