{
    "Depth": 0.9924298659270088,
    "Width": 2.917968052382986,
    "Back/Side height": 0.5902867798986516,
    "Cushion thickness": 0.3200463662702565
}