{
    "Depth": 1.0266661604085208,
    "Width": 2.616467589951737,
    "Back/Side height": 0.6450462258168757,
    "Cushion thickness": 0.32439063720143213
}