{
    "Depth": 1.0101184798109935,
    "Width": 2.0374677113642954,
    "Back/Side height": 0.5987838506082914,
    "Cushion thickness": 0.26714291573755927
}