{
    "Depth": 1.0660160119272633,
    "Width": 2.5549925069349047,
    "Back/Side height": 0.6150948386016539,
    "Cushion thickness": 0.2774025223297596
}