{
    "Depth": 1.0481572755702337,
    "Width": 2.0600776302778554,
    "Back/Side height": 0.6333965509986461,
    "Cushion thickness": 0.30614294348832843
}