{
    "Depth": 1.0305256809092322,
    "Width": 3.083298461536761,
    "Back/Side height": 0.6534739521068242,
    "Cushion thickness": 0.31511660799229513
}