{
    "Depth": 1.0578022420228672,
    "Width": 2.2966081734866197,
    "Back/Side height": 0.5514058713201607,
    "Cushion thickness": 0.35578019863157656
}