{
    "Depth": 0.9884172864971678,
    "Width": 3.086786814821692,
    "Back/Side height": 0.6505716057753931,
    "Cushion thickness": 0.20541902266889178
}