{
    "Depth": 0.9586152737300038,
    "Width": 2.3401844765145112,
    "Back/Side height": 0.5858261163258557,
    "Cushion thickness": 0.3472101375057739
}