{
    "Depth": 1.0233779835021315,
    "Width": 2.731114020981413,
    "Back/Side height": 0.6508557881803299,
    "Cushion thickness": 0.28143469567013557
}