{
    "Depth": 0.9362075206916742,
    "Width": 1.8611196300270698,
    "Back/Side height": 0.6424679482259432,
    "Cushion thickness": 0.33541503711662163
}