{"handle_length": 0.40800000000000003, "tip_length": 0.10400000000000001, "tip_width": 0.0416}