{"handle_length": 0.48000000000000004, "tip_length": 0.14, "tip_width": 0.055999999999999994}