{"handle_length": 0.48800000000000004, "tip_length": 0.14400000000000002, "tip_width": 0.0576}