{"handle_length": 0.49600000000000005, "tip_length": 0.14800000000000002, "tip_width": 0.0592}