{"handle_length": 0.41600000000000004, "tip_length": 0.10800000000000001, "tip_width": 0.0432}