{"handle_length": 0.5760000000000001, "tip_length": 0.188, "tip_width": 0.07519999999999999}