{"handle_length": 0.6000000000000001, "tip_length": 0.2, "tip_width": 0.07999999999999999}