{"handle_length": 0.6080000000000001, "tip_length": 0.204, "tip_width": 0.08159999999999999}