{"handle_length": 0.6240000000000001, "tip_length": 0.212, "tip_width": 0.08479999999999999}