{"handle_length": 0.648, "tip_length": 0.22399999999999998, "tip_width": 0.08959999999999999}