{"handle_length": 0.6880000000000001, "tip_length": 0.244, "tip_width": 0.09759999999999999}