{"handle_length": 0.6960000000000001, "tip_length": 0.248, "tip_width": 0.09919999999999998}