{"handle_length": 0.7120000000000001, "tip_length": 0.256, "tip_width": 0.10239999999999999}