{"handle_length": 0.768, "tip_length": 0.28400000000000003, "tip_width": 0.11359999999999998}