{"handle_length": 0.784, "tip_length": 0.29200000000000004, "tip_width": 0.11679999999999999}