{"handle_length": 0.7496790966469797, "tip_length": 0.246211395863667, "tip_width": 0.09333041096820296}