{"handle_length": 0.5317277730427588, "tip_length": 0.1595371960062699, "tip_width": 0.07746046555896369}