{"handle_length": 0.6402823104402546, "tip_length": 0.15885868924958707, "tip_width": 0.07828076400156338}