{"handle_length": 0.7555629894633294, "tip_length": 0.14794626505358682, "tip_width": 0.11879697616840099}