{"handle_length": 0.5418158380309485, "tip_length": 0.29964028880767324, "tip_width": 0.10003352351884638}