{"handle_length": 0.4758198891429957, "tip_length": 0.13583329727213844, "tip_width": 0.06205131848675293}