{"handle_length": 0.6142272114252529, "tip_length": 0.22843539751811193, "tip_width": 0.05575590455166012}