{"handle_length": 0.7379227920926797, "tip_length": 0.142747479314216, "tip_width": 0.09867237620859534}