{"handle_length": 0.6784985967171844, "tip_length": 0.21388326626968734, "tip_width": 0.06197754366886156}