{"handle_length": 0.5195629335740332, "tip_length": 0.19406413748959944, "tip_width": 0.09294230278764848}