{"handle_length": 0.661348177053682, "tip_length": 0.14180511820588756, "tip_width": 0.0807094692997481}