{"handle_length": 0.4739211340796801, "tip_length": 0.2041116952639772, "tip_width": 0.1040122180062994}