{"handle_length": 0.5777315651204424, "tip_length": 0.24512000886901997, "tip_width": 0.10099000507735467}