{"handle_length": 0.6343448275464685, "tip_length": 0.21989251985548763, "tip_width": 0.10481979466058314}