{"handle_length": 0.40873699448986434, "tip_length": 0.215122747523798, "tip_width": 0.08601992412711937}