{"handle_length": 0.541068403141345, "tip_length": 0.19167119900714544, "tip_width": 0.06382836331419987}