{"handle_length": 0.5668458611614514, "tip_length": 0.15101818935767075, "tip_width": 0.06817603627051369}