{"handle_length": 0.7053061925779234, "tip_length": 0.18053903778053113, "tip_width": 0.10623678439224579}