{"handle_length": 0.4927634972754856, "tip_length": 0.12610345446030166, "tip_width": 0.05961122636654102}