{"handle_length": 0.5428377482367939, "tip_length": 0.26843594435202023, "tip_width": 0.08348158240233969}