{"handle_length": 0.48160193780651805, "tip_length": 0.16323699137137201, "tip_width": 0.08068290399710498}