{"handle_length": 0.6277050249079057, "tip_length": 0.20203344157458158, "tip_width": 0.05136750505109198}