{"handle_length": 0.7885403231224786, "tip_length": 0.11096980277395999, "tip_width": 0.10880082449492201}