{"handle_length": 0.7799321973630144, "tip_length": 0.2718895883338361, "tip_width": 0.049645133740160004}