{"handle_length": 0.7945159351723045, "tip_length": 0.12688172794679653, "tip_width": 0.08570494155387537}