{"handle_length": 0.4462865626082323, "tip_length": 0.11424243713425869, "tip_width": 0.05862876885711931}