{"handle_length": 0.6662494226249338, "tip_length": 0.2738934380846656, "tip_width": 0.06243772215654399}