{"handle_length": 0.4845027734093308, "tip_length": 0.26007822885185505, "tip_width": 0.06469475776395807}