{"handle_length": 0.6110465677032231, "tip_length": 0.2902640669517178, "tip_width": 0.04162767342945523}