{"handle_length": 0.5834374644527098, "tip_length": 0.11751582775528874, "tip_width": 0.04253298585029722}