{"handle_length": 0.7509477437903141, "tip_length": 0.29241283604642954, "tip_width": 0.08581244638801266}