{"handle_length": 0.49474977253252217, "tip_length": 0.2503865869714291, "tip_width": 0.09410154418928023}