{"handle_length": 0.46123025693186226, "tip_length": 0.25165563094771554, "tip_width": 0.11193725476589855}