{"handle_length": 0.7121613963087814, "tip_length": 0.23329554528330967, "tip_width": 0.0896528831004633}