{"handle_length": 0.7608567863771656, "tip_length": 0.19718959145735704, "tip_width": 0.05177430502614459}