{"handle_length": 0.6151522839188577, "tip_length": 0.27633186982279623, "tip_width": 0.09536799073941929}