{"handle_length": 0.564795906356005, "tip_length": 0.1282507839640662, "tip_width": 0.09707798391127082}