{"handle_length": 0.6337861194725843, "tip_length": 0.2764704207676685, "tip_width": 0.08405768069480428}