{"handle_length": 0.42649168456662273, "tip_length": 0.18685534792745462, "tip_width": 0.047285792807308456}