{"handle_length": 0.4342656544137563, "tip_length": 0.18597382112526956, "tip_width": 0.09248282444839119}