{"handle_length": 0.748543746010719, "tip_length": 0.18688396693520426, "tip_width": 0.08057178600291626}