{"handle_length": 0.4662705219704686, "tip_length": 0.11803780834812122, "tip_width": 0.10514919592779504}