{"handle_length": 0.5409082481547807, "tip_length": 0.18365652601640564, "tip_width": 0.08342059078960853}