{"handle_length": 0.43457089323825837, "tip_length": 0.19848450997520667, "tip_width": 0.1129845768425084}