{"handle_length": 0.5330915981130401, "tip_length": 0.23967168887235024, "tip_width": 0.10704232373138287}