{"handle_length": 0.7761898658534383, "tip_length": 0.252179937040771, "tip_width": 0.044126228559684025}