{"handle_length": 0.7179664259052928, "tip_length": 0.12340078720610617, "tip_width": 0.049072267071607736}