{"handle_length": 0.4287345946784013, "tip_length": 0.1283219326842089, "tip_width": 0.0480890584991223}