{"handle_length": 0.5834438821080059, "tip_length": 0.2099969439702892, "tip_width": 0.08325839246576752}